{
  "test_fix": {
    "location": null,
    "season": null,
    "week": null,
    "controller": "naive_weak",
    "total_energy_wh": 5.219499999999999e-7,
    "clean_energy_wh": 1.8965053250000003e-7,
    "clean_energy_percentage": 36.335000000000015,
    "dirty_energy_mwh": 0.00033229946749999996,
    "peak_power_mw": 602.25,
    "average_power_mw": 6.041087962962963e-7,
    "energy_per_task_wh": 2.6097499999999997e-7,
    "model_energy_breakdown": {
      "YOLOv10_N": 0.00052195,
      "YOLOv10_S": 0.0,
      "YOLOv10_M": 0.0,
      "YOLOv10_B": 0.0,
      "YOLOv10_L": 0.0,
      "YOLOv10_X": 0.0
    }
  }
}
