{
  "weights": {
    "accuracy_weight": 0.5,
    "latency_weight": 0.3,
    "clean_energy_weight": 0.2
  },
  "model_weights": {
    "YOLOv10_N": [
      0.02196460026103106, 0.007380423027929033, 0.023918827276841907,
      -0.024507419907861195
    ],
    "YOLOv10_S": [
      0.02143318742107664, 0.005639973629931674, 0.02429503793321803,
      -0.02236682570857877
    ],
    "YOLOv10_M": [
      0.02106691730307955, 0.005166985475542027, 0.024133530270403863,
      -0.02205979340983779
    ],
    "YOLOv10_B": [
      0.02083204660919057, 0.004819354301747987, 0.02372337790251972,
      -0.022489273808680908
    ],
    "YOLOv10_L": [
      0.01997380316474216, 0.004540091441637427, 0.02391107247577587,
      -0.020586830803528463
    ],
    "YOLOv10_X": [
      0.021762247315483842, 0.0047554969534342306, 0.02300757356785504,
      -0.018894008458475116
    ]
  },
  "charge_weights": [
    -0.0023556187973402193, 0.002735506342271282, 0.0023290250596950893,
    0.0006484092557772787
  ],
  "charge_threshold": 0.0,
  "evaluation_stats": {
    "loss": 0.21001052894709896,
    "model_accuracy": 0.5615438456154385,
    "charge_accuracy": 0.8625137486251375,
    "overall_accuracy": 0.712028797120288,
    "training_epochs": 68,
    "training_samples": 100000
  }
}
