{
  "weights": {
    "accuracy_weight": 0.5,
    "latency_weight": 0.3,
    "clean_energy_weight": 0.2
  },
  "model_weights": {
    "YOLOv10_N": [
      0.0027023637013249718, 0.019174085137949562, 0.07429443552694176,
      -0.05485471871137383
    ],
    "YOLOv10_S": [
      0.000871736076657047, 0.01765882938318301, 0.07071317812058162,
      0.003742321657995326
    ],
    "YOLOv10_M": [
      -0.0029899048966195102, 0.014991136141413924, 0.06489714717660026,
      0.03617262263416066
    ],
    "YOLOv10_B": [
      -0.023524103266619148, 0.025705086718249403, 0.052734144467886435,
      -0.06329065142463704
    ],
    "YOLOv10_L": [
      -0.038596199924143565, 0.0279344926900156, 0.05366450188425297,
      -0.12445077354354489
    ],
    "YOLOv10_X": [
      0.004826815561648062, 0.02106225845780555, 0.08254712097190112,
      -0.20759675121247245
    ]
  },
  "charge_weights": [
    -0.002319568535645723, 0.0009634716278982685, 0.003531698305185263,
    0.001139097787332404
  ],
  "charge_threshold": 0.0,
  "evaluation_stats": {
    "loss": 0.06497736626336839,
    "model_accuracy": 0.8897110288971103,
    "charge_accuracy": 0.8575142485751425,
    "overall_accuracy": 0.8736126387361264,
    "training_epochs": 80,
    "training_samples": 100000
  }
}
